#cisterns#,#vesicles#,entropy,entropyInd,RabA,RabB,RabC,RabD,RabE,
6.0,0.0,1.56071,0.0,0.33333,0.16667,0.16667,0.16667,0.16667,
6.0,6.0,1.55887,0.0,0.33596,0.16535,0.16535,0.16535,0.16798,
6.0,9.0,1.55668,0.01348,0.33905,0.16623,0.16359,0.16491,0.16623,
6.0,7.0,1.55842,0.03685,0.33641,0.17151,0.16359,0.16227,0.16623,
6.0,5.0,1.56016,0.06463,0.33377,0.17151,0.17019,0.15963,0.16491,
6.0,11.0,1.55954,0.06466,0.33467,0.172,0.16933,0.16,0.164,
6.0,14.0,1.55932,0.05555,0.33512,0.17024,0.1689,0.16086,0.16488,
6.0,20.0,1.55804,0.0504,0.33694,0.16779,0.1705,0.16103,0.16373,
6.0,18.0,1.55919,0.06885,0.33513,0.17162,0.17027,0.15946,0.16351,
6.0,18.0,1.55919,0.06885,0.33513,0.17162,0.17027,0.15946,0.16351,
6.0,19.0,1.55891,0.06471,0.33559,0.1705,0.1705,0.15967,0.16373,
6.0,21.0,1.55891,0.06004,0.3356,0.1712,0.16984,0.16032,0.16304,
6.0,15.0,1.56089,0.09569,0.33288,0.16981,0.16846,0.16846,0.16037,
6.0,17.0,1.56183,0.08553,0.33153,0.16915,0.16915,0.16915,0.16103,
6.0,12.0,1.56432,0.10909,0.32749,0.16712,0.17655,0.16846,0.16037,
6.0,3.0,1.56277,0.15482,0.32977,0.16956,0.1749,0.16689,0.15888,
6.0,5.0,1.56217,0.15083,0.33065,0.16868,0.17537,0.166,0.1593,
6.0,10.0,1.56041,0.14662,0.33288,0.16846,0.17655,0.16577,0.15633,
6.0,12.0,1.56112,0.13928,0.33198,0.16802,0.17615,0.16667,0.15718,
6.0,15.0,1.5596,0.14342,0.33424,0.1678,0.17599,0.16371,0.15825,
6.0,19.0,1.55919,0.13518,0.3347,0.16735,0.17696,0.16324,0.15775,
6.0,24.0,1.55815,0.12531,0.3361,0.16597,0.17704,0.16459,0.15629,
6.0,24.0,1.55816,0.12531,0.3361,0.16597,0.17704,0.16459,0.15629,
6.0,29.0,1.5587,0.12155,0.3352,0.1662,0.17738,0.1662,0.15502,
6.0,25.0,1.55978,0.14405,0.33333,0.17222,0.17639,0.16528,0.15277,
6.0,26.0,1.56008,0.13984,0.33287,0.1727,0.17688,0.16434,0.1532,
6.0,23.0,1.55725,0.15992,0.33703,0.17198,0.17476,0.16366,0.15256,
6.0,27.0,1.55672,0.15097,0.33752,0.17294,0.17573,0.16178,0.15202,
6.0,33.0,1.55458,0.13977,0.34037,0.173,0.17581,0.15893,0.15189,
6.0,36.0,1.55453,0.13528,0.3404,0.17373,0.17514,0.1596,0.15112,
5.0,39.0,1.04581,0.17347,0.0,0.40033,0.41206,0.0,0.1876,
6.0,21.0,1.32549,0.17315,0.1472,0.32863,0.34112,0.0,0.18304,
6.0,24.0,1.56106,0.16617,0.14544,0.32953,0.17035,0.17175,0.18292,
6.0,6.0,1.56636,0.2394,0.14868,0.32145,0.18525,0.16617,0.17844,
6.0,8.0,1.56585,0.23304,0.14909,0.32233,0.18439,0.16526,0.17893,
6.0,14.0,1.56473,0.21581,0.14915,0.32406,0.18479,0.1641,0.17789,
6.0,15.0,1.56451,0.21465,0.14936,0.32451,0.18505,0.16433,0.17676,
6.0,12.0,1.56403,0.23427,0.15149,0.32592,0.18291,0.16365,0.17603,
6.0,11.0,1.56349,0.25245,0.15012,0.32592,0.18703,0.16227,0.17465,
6.0,13.0,1.56298,0.24989,0.15053,0.32682,0.18755,0.16272,0.17238,
6.0,19.0,1.56575,0.23941,0.15179,0.32259,0.18912,0.16408,0.17242,
6.0,21.0,1.56462,0.23274,0.15103,0.32394,0.18991,0.16197,0.17315,
6.0,23.0,1.56361,0.23013,0.15026,0.32531,0.19071,0.16265,0.17107,
6.0,22.0,1.56534,0.23674,0.15565,0.32345,0.19044,0.16103,0.16943,
6.0,27.0,1.5674,0.22996,0.15675,0.32009,0.19178,0.16075,0.17062,
6.0,20.0,1.56972,0.2439,0.1608,0.31696,0.18851,0.15778,0.17594,
6.0,17.0,1.56727,0.25483,0.15779,0.3207,0.18685,0.15756,0.17709,
6.0,15.0,1.56801,0.26031,0.15874,0.31842,0.19329,0.15573,0.17382,
6.0,18.0,1.56686,0.25255,0.15683,0.3202,0.19297,0.1566,0.17339,
6.0,20.0,1.5672,0.25132,0.15727,0.3197,0.19351,0.15704,0.17247,
6.0,23.0,1.56725,0.24864,0.15794,0.31964,0.19433,0.15771,0.17038,
6.0,28.0,1.56674,0.23264,0.15786,0.32094,0.19173,0.15763,0.17184,
6.0,22.0,1.56594,0.26679,0.15653,0.31823,0.20419,0.15207,0.16898,
6.0,17.0,1.56931,0.30052,0.15543,0.31461,0.20136,0.1608,0.16779,
6.0,21.0,1.56821,0.28884,0.15631,0.31638,0.20109,0.15889,0.16733,
6.0,24.0,1.56796,0.28273,0.15578,0.31675,0.20081,0.15838,0.16828,
6.0,22.0,1.56978,0.28716,0.16098,0.31445,0.20025,0.15793,0.16639,
6.0,29.0,1.56906,0.27354,0.16116,0.31473,0.20224,0.15523,0.16663,
6.0,30.0,1.56875,0.27233,0.16139,0.31518,0.20253,0.15545,0.16544,
6.0,33.0,1.56795,0.26848,0.16088,0.31699,0.20083,0.15634,0.16495,
6.0,34.0,1.56416,0.22026,0.15445,0.16173,0.32153,0.2037,0.15858,
6.0,32.0,1.56188,0.23624,0.15401,0.15981,0.32495,0.20311,0.15812,
6.0,27.0,1.5639,0.26366,0.15722,0.15866,0.32117,0.20597,0.15698,
6.0,30.0,1.56265,0.2552,0.1579,0.15645,0.32256,0.20686,0.15622,
6.0,31.0,1.56263,0.25372,0.15813,0.15668,0.32303,0.20571,0.15644,
6.0,32.0,1.56179,0.25384,0.15714,0.15568,0.32397,0.20631,0.1569,
6.0,31.0,1.56221,0.25862,0.15836,0.15546,0.3235,0.20601,0.15667,
6.0,32.0,1.56218,0.25511,0.15859,0.15568,0.32397,0.20486,0.1569,
6.0,36.0,1.56363,0.2506,0.15952,0.15513,0.32148,0.20606,0.15782,
6.0,38.0,1.56384,0.24304,0.15998,0.15559,0.32095,0.20666,0.15681,
6.0,45.0,1.56547,0.2362,0.16164,0.15572,0.31836,0.20732,0.15696,
6.0,39.0,1.56584,0.25651,0.16022,0.15435,0.31849,0.20549,0.16145,
6.0,41.0,1.56538,0.25384,0.15945,0.15503,0.3199,0.20345,0.16216,
6.0,44.0,1.56725,0.24024,0.16016,0.15572,0.31688,0.20436,0.16288,
6.0,48.0,1.56774,0.22451,0.16112,0.15665,0.31578,0.20558,0.16087,
6.0,52.0,1.56703,0.21525,0.16208,0.15309,0.31618,0.20681,0.16184,
6.0,48.0,1.56348,0.24063,0.16112,0.15218,0.32174,0.20558,0.15938,
6.0,50.0,1.5637,0.2376,0.1616,0.15263,0.32121,0.20619,0.15836,
6.0,54.0,1.56301,0.23161,0.16257,0.15204,0.32164,0.20743,0.15631,
6.0,56.0,1.56364,0.22278,0.16306,0.1525,0.3211,0.20655,0.15678,
6.0,55.0,1.56431,0.22764,0.16281,0.15227,0.31911,0.20925,0.15654,
6.0,51.0,1.56648,0.25269,0.17082,0.14986,0.31571,0.208,0.15561,
6.0,50.0,1.56677,0.25802,0.17206,0.14964,0.31523,0.20769,0.15538,
6.0,54.0,1.56592,0.25097,0.17309,0.14753,0.31563,0.20893,0.15481,
6.0,57.0,1.56518,0.24298,0.17237,0.1482,0.31706,0.20837,0.154,
6.0,57.0,1.56518,0.24298,0.17237,0.1482,0.31706,0.20837,0.154,
6.0,59.0,1.56423,0.23689,0.17289,0.14865,0.31802,0.209,0.15143,
6.0,62.0,1.56437,0.23025,0.17368,0.14933,0.31795,0.20843,0.1506,
6.0,58.0,1.56435,0.23977,0.17263,0.14843,0.31451,0.21625,0.14818,
6.0,41.0,1.57233,0.28573,0.16707,0.16707,0.30708,0.20819,0.15059,
6.0,42.0,1.57559,0.21977,0.15601,0.16483,0.16924,0.30271,0.20722,
6.0,39.0,1.57769,0.23971,0.16117,0.1641,0.16849,0.29992,0.20631,
6.0,42.0,1.57697,0.23371,0.16065,0.1636,0.16949,0.30168,0.20458,
6.0,43.0,1.57625,0.22871,0.15965,0.1626,0.16999,0.30258,0.20518,
6.0,45.0,1.57426,0.23005,0.15888,0.16036,0.16926,0.3054,0.2061,
6.0,44.0,1.57552,0.23128,0.15716,0.16012,0.17493,0.30347,0.20431,
6.0,47.0,1.57581,0.22837,0.15786,0.16084,0.17422,0.30334,0.20373,
6.0,43.0,1.57691,0.24609,0.15693,0.16136,0.17763,0.30154,0.20253,
6.0,45.0,1.5776,0.24524,0.15739,0.16184,0.17964,0.30096,0.20016,
6.0,48.0,1.57775,0.23656,0.1581,0.16108,0.18044,0.30081,0.19957,
6.0,46.0,1.57841,0.23976,0.15763,0.1606,0.17991,0.29843,0.20343,
6.0,45.0,1.57764,0.23801,0.15614,0.15911,0.17991,0.29843,0.2064,
6.0,43.0,1.57898,0.24623,0.15716,0.15864,0.18234,0.29607,0.20579,
6.0,46.0,1.57839,0.23974,0.15786,0.15786,0.18166,0.29739,0.20522,
6.0,48.0,1.57743,0.24226,0.15833,0.15833,0.17922,0.29977,0.20434,
6.0,48.0,1.578,0.23751,0.15833,0.15833,0.17922,0.29827,0.20583,
6.0,50.0,1.57642,0.2312,0.15731,0.15731,0.17826,0.30066,0.20645,
6.0,53.0,1.57653,0.22646,0.15802,0.15802,0.17606,0.30052,0.20738,
6.0,56.0,1.57644,0.21643,0.15874,0.15723,0.17535,0.30037,0.20832,
6.0,58.0,1.57701,0.21537,0.15922,0.1577,0.17588,0.29976,0.20744,
6.0,57.0,1.57588,0.22878,0.15898,0.15746,0.17561,0.30233,0.20561,
6.0,59.0,1.57702,0.22186,0.15946,0.15794,0.17614,0.30022,0.20623,
6.0,62.0,1.57694,0.21993,0.15891,0.15891,0.17569,0.30052,0.20597,
6.0,60.0,1.57914,0.22334,0.15842,0.15842,0.18277,0.29657,0.20382,
6.0,58.0,1.57961,0.22635,0.15794,0.15794,0.18676,0.29567,0.20168,
6.0,63.0,1.58057,0.22138,0.15915,0.15915,0.18819,0.29487,0.19864,
6.0,56.0,1.58079,0.25553,0.15467,0.16679,0.18648,0.29522,0.19683,
6.0,58.0,1.58089,0.24955,0.15362,0.1673,0.18705,0.2946,0.19743,
6.0,58.0,1.58089,0.24955,0.15362,0.1673,0.18705,0.2946,0.19743,
6.0,59.0,1.58143,0.24521,0.15386,0.16755,0.18733,0.29352,0.19773,
5.0,60.0,1.35306,0.21629,0.0,0.19178,0.20885,0.23729,0.36207,
6.0,62.0,1.57743,0.18315,0.16675,0.16041,0.17151,0.19848,0.30285,
6.0,58.0,1.57827,0.21276,0.17228,0.15807,0.1707,0.19754,0.30141,
6.0,61.0,1.58005,0.21276,0.1731,0.15882,0.17151,0.19848,0.29809,
6.0,59.0,1.58079,0.2211,0.17255,0.15832,0.17571,0.19627,0.29715,
6.0,62.0,1.58084,0.21629,0.17178,0.15907,0.17496,0.1972,0.29697,
6.0,64.0,1.58116,0.21315,0.17233,0.15958,0.17392,0.19783,0.29633,
6.0,69.0,1.5821,0.20954,0.17372,0.16086,0.17532,0.1946,0.29549,
6.0,70.0,1.58183,0.20458,0.17239,0.16112,0.1756,0.19491,0.29597,
6.0,72.0,1.58148,0.20289,0.17294,0.16164,0.17456,0.19393,0.29692,
6.0,74.0,1.58053,0.19989,0.17216,0.16081,0.17378,0.19487,0.29837,
6.0,72.0,1.58131,0.21136,0.1716,0.16352,0.17322,0.19424,0.2974,
6.0,73.0,1.58102,0.208,0.17188,0.16378,0.17188,0.19456,0.29789,
6.0,73.0,1.58102,0.208,0.17188,0.16378,0.17188,0.19456,0.29789,
6.0,76.0,1.58005,0.20236,0.17109,0.16296,0.17109,0.19551,0.29934,
6.0,79.0,1.58088,0.20232,0.17193,0.16212,0.17193,0.19647,0.29754,
6.0,77.0,1.58346,0.22974,0.18115,0.16322,0.16974,0.19257,0.29331,
6.0,60.0,1.58629,0.27372,0.17468,0.15882,0.18103,0.20006,0.2854,
6.0,61.0,1.58607,0.27092,0.17496,0.15907,0.17973,0.20038,0.28585,
6.0,64.0,1.58636,0.26992,0.1758,0.15983,0.17899,0.19974,0.28562,
6.0,67.0,1.58523,0.25841,0.17372,0.15926,0.17853,0.20103,0.28746,
6.0,71.0,1.58498,0.25339,0.17188,0.16054,0.17836,0.20104,0.28817,
6.0,63.0,1.58531,0.26971,0.16702,0.1574,0.18306,0.20873,0.28379,
6.0,66.0,1.58567,0.26616,0.16783,0.15816,0.18233,0.20812,0.28355,
6.0,68.0,1.58587,0.26158,0.16675,0.15867,0.18292,0.2088,0.28285,
6.0,68.0,1.58587,0.26158,0.16675,0.15867,0.18292,0.2088,0.28285,
6.0,69.0,1.58553,0.25666,0.1654,0.15893,0.18322,0.20913,0.28331,
6.0,72.0,1.58626,0.25615,0.16485,0.15996,0.18441,0.20887,0.2819,
6.0,68.0,1.58794,0.28178,0.17216,0.15756,0.18352,0.20785,0.2789,
6.0,65.0,1.58922,0.29713,0.16971,0.16326,0.18263,0.20684,0.27755,
5.0,67.0,1.60597,0.16471,0.19238,0.19057,0.18332,0.20145,0.23227,
5.0,71.0,1.6056,0.15274,0.19379,0.18831,0.18283,0.20109,0.23396,
5.0,63.0,1.60549,0.20459,0.209,0.1856,0.1802,0.1946,0.23059,
5.0,63.0,1.60497,0.22957,0.2162,0.1856,0.1784,0.191,0.2288,
5.0,67.0,1.60457,0.22025,0.21595,0.18332,0.17788,0.19238,0.23045,
5.0,65.0,1.60389,0.23355,0.22059,0.18266,0.17543,0.19169,0.22962,
5.0,65.0,1.60389,0.23355,0.22059,0.18266,0.17543,0.19169,0.22962,
5.0,52.0,1.60391,0.26948,0.21553,0.17847,0.17141,0.21023,0.22435,
5.0,45.0,1.6026,0.28608,0.2129,0.17629,0.16757,0.22162,0.22162,
5.0,45.0,1.6026,0.28608,0.2129,0.17629,0.16757,0.22162,0.22162,
5.0,23.0,1.60402,0.35056,0.20504,0.20839,0.1597,0.21343,0.21343,
5.0,5.0,1.60891,0.42197,0.19771,0.20261,0.18792,0.20588,0.20588,
5.0,8.0,1.60884,0.4183,0.19869,0.20197,0.1872,0.20525,0.20689,
5.0,6.0,1.60874,0.42211,0.19804,0.20131,0.18659,0.20785,0.20621,
5.0,10.0,1.60876,0.41737,0.19934,0.20263,0.18618,0.20428,0.20757,
5.0,12.0,1.60863,0.41073,0.19835,0.2033,0.18514,0.20495,0.20826,
5.0,12.0,1.60866,0.42195,0.19835,0.20495,0.18514,0.20495,0.2066,
5.0,13.0,1.6087,0.42339,0.19868,0.20364,0.18544,0.20529,0.20695,
5.0,15.0,1.60862,0.42064,0.19934,0.20431,0.1844,0.20597,0.20597,
5.0,14.0,1.6085,0.43169,0.20431,0.20265,0.18274,0.20431,0.20597,
5.0,17.0,1.6086,0.42799,0.20534,0.20367,0.18366,0.202,0.20534,
5.0,12.0,1.60929,0.448,0.20529,0.20033,0.19371,0.19868,0.20198,
5.0,16.0,1.60937,0.43187,0.2,0.20166,0.195,0.2,0.20333,
5.0,16.0,1.60926,0.43822,0.20499,0.2,0.19334,0.19833,0.20333,
5.0,19.0,1.60927,0.43392,0.20602,0.19933,0.19431,0.19766,0.20268,
5.0,21.0,1.60921,0.42904,0.20672,0.19832,0.19328,0.19832,0.20336,
5.0,24.0,1.60918,0.42075,0.20607,0.19764,0.19257,0.19932,0.20439,
5.0,19.0,1.60905,0.43466,0.20302,0.20637,0.18961,0.19799,0.20302,
5.0,23.0,1.60879,0.43135,0.20439,0.20776,0.18751,0.19595,0.20439,
5.0,26.0,1.60879,0.42993,0.20543,0.20543,0.18677,0.19695,0.20543,
4.0,18.0,1.38619,0.41429,0.0,0.2542,0.2542,0.2479,0.2437,
5.0,21.0,1.60841,0.33248,0.18309,0.20725,0.20897,0.20034,0.20034,
5.0,25.0,1.60865,0.32557,0.18436,0.20695,0.20521,0.20174,0.20174,
5.0,27.0,1.60866,0.32453,0.18501,0.20767,0.20593,0.19895,0.20244,
5.0,29.0,1.6087,0.32376,0.18565,0.20665,0.20665,0.1979,0.20315,
5.0,29.0,1.60871,0.32376,0.18565,0.20665,0.20665,0.1979,0.20315,
5.0,32.0,1.60872,0.32129,0.1852,0.20634,0.20458,0.19929,0.20458,
5.0,24.0,1.60779,0.35055,0.18263,0.21911,0.20174,0.19652,0.2,
5.0,20.0,1.60773,0.36058,0.18137,0.2176,0.19862,0.20552,0.19689,
5.0,24.0,1.60778,0.35145,0.1812,0.21601,0.19687,0.20731,0.19861,
5.0,27.0,1.60794,0.34606,0.18216,0.21539,0.19615,0.20665,0.19965,
5.0,27.0,1.60776,0.35122,0.18216,0.21539,0.19615,0.21015,0.19615,
5.0,25.0,1.60718,0.3689,0.18152,0.22162,0.19547,0.20767,0.19372,
5.0,21.0,1.60688,0.37189,0.18026,0.21835,0.19411,0.21489,0.19238,
5.0,23.0,1.60678,0.36729,0.17946,0.21775,0.19339,0.21601,0.19339,
5.0,24.0,1.60692,0.36435,0.17978,0.21639,0.19372,0.21639,0.19372,
5.0,17.0,1.60703,0.37988,0.17761,0.21378,0.20344,0.21378,0.19139,
5.0,19.0,1.60724,0.37777,0.17822,0.21279,0.20415,0.21279,0.19205,
5.0,20.0,1.60727,0.37718,0.17853,0.21316,0.20277,0.21316,0.19238,
5.0,13.0,1.60799,0.43908,0.19179,0.21574,0.20034,0.20718,0.18495,
5.0,16.0,1.60803,0.43226,0.19106,0.21513,0.19966,0.20825,0.1859,
5.0,17.0,1.60795,0.42775,0.18967,0.2155,0.2,0.20861,0.18622,
5.0,15.0,1.60797,0.44129,0.19278,0.21513,0.19966,0.20825,0.18418,
5.0,17.0,1.60788,0.44055,0.19344,0.21587,0.20034,0.20725,0.18309,
5.0,18.0,1.60746,0.44348,0.18784,0.21911,0.20174,0.20695,0.18436,
5.0,18.0,1.60749,0.44601,0.18675,0.21813,0.20244,0.20767,0.18501,
5.0,12.0,1.60693,0.46713,0.18482,0.21415,0.21415,0.20552,0.18137,
5.0,16.0,1.60688,0.46585,0.18468,0.21427,0.21427,0.20557,0.1812,
5.0,20.0,1.60719,0.45309,0.18598,0.21402,0.21402,0.2035,0.18247,
5.0,17.0,1.60646,0.47097,0.18501,0.2129,0.21987,0.20244,0.17978,
5.0,18.0,1.60738,0.32739,0.18404,0.18751,0.21179,0.217,0.19965,
5.0,19.0,1.60721,0.32794,0.18294,0.18817,0.21253,0.21775,0.19861,
5.0,20.0,1.60735,0.3272,0.18326,0.18849,0.2129,0.21639,0.19895,
5.0,16.0,1.60647,0.33102,0.18058,0.18751,0.21006,0.22393,0.19792,
5.0,15.0,1.6071,0.3392,0.18026,0.19238,0.20969,0.22008,0.19758,
5.0,16.0,1.60706,0.3392,0.18058,0.19272,0.21006,0.22046,0.19618,
5.0,16.0,1.60688,0.33978,0.17915,0.19305,0.21042,0.22085,0.19652,
5.0,17.0,1.60707,0.33615,0.17946,0.19513,0.20731,0.22123,0.19687,
5.0,19.0,1.6073,0.33413,0.18009,0.19581,0.20629,0.22026,0.19755,
5.0,17.0,1.60716,0.34766,0.17803,0.19895,0.20593,0.21987,0.19721,
5.0,21.0,1.60722,0.33708,0.17928,0.20035,0.20211,0.22142,0.19684,
5.0,17.0,1.60591,0.34683,0.17803,0.19721,0.2007,0.23033,0.19372,
5.0,15.0,1.60461,0.35239,0.17455,0.19721,0.2007,0.23556,0.19198,
5.0,16.0,1.60488,0.35095,0.17485,0.19755,0.20105,0.23423,0.19232,
5.0,17.0,1.60455,0.35154,0.17371,0.19825,0.20175,0.23505,0.19124,
5.0,19.0,1.60446,0.3487,0.17432,0.19894,0.2007,0.23588,0.19015,
5.0,10.0,1.60457,0.39161,0.17334,0.19931,0.20796,0.2322,0.18719,
5.0,11.0,1.60443,0.39161,0.17364,0.19965,0.20832,0.2326,0.18578,
5.0,12.0,1.60416,0.38895,0.1725,0.19861,0.20905,0.23341,0.18643,
5.0,15.0,1.60369,0.38188,0.17196,0.19649,0.21051,0.23505,0.18598,
5.0,16.0,1.60396,0.38041,0.17226,0.19684,0.21088,0.23371,0.18631,
5.0,19.0,1.60395,0.37935,0.17317,0.19435,0.21024,0.23494,0.18729,
5.0,18.0,1.6019,0.3866,0.17287,0.19225,0.20987,0.24334,0.18168,
5.0,12.0,1.59915,0.39586,0.16816,0.1909,0.2084,0.25213,0.18041,
5.0,12.0,1.59881,0.39653,0.1667,0.19124,0.20876,0.25257,0.18072,
5.0,12.0,1.59881,0.39653,0.1667,0.19124,0.20876,0.25257,0.18072,
5.0,14.0,1.59957,0.39431,0.16729,0.19191,0.2095,0.24995,0.18136,
5.0,16.0,1.60001,0.39062,0.16788,0.19259,0.20847,0.24906,0.182,
5.0,21.0,1.60045,0.37791,0.16937,0.18896,0.21033,0.24772,0.18362,
5.0,23.0,1.60058,0.37485,0.16998,0.18964,0.2075,0.2486,0.18427,
4.0,24.0,1.37621,0.23837,0.0,0.20883,0.23079,0.25494,0.30543,
5.0,25.0,1.60043,0.19549,0.18785,0.16819,0.18785,0.2075,0.2486,
5.0,27.0,1.60051,0.19248,0.18852,0.16879,0.18852,0.20466,0.2495,
5.0,28.0,1.60041,0.19238,0.1874,0.1694,0.1892,0.2036,0.25039,
5.0,29.0,1.60079,0.19238,0.18774,0.16971,0.18954,0.20397,0.24904,
5.0,33.0,1.60029,0.18098,0.18763,0.17125,0.18581,0.204,0.25131,
5.0,25.0,1.60104,0.20863,0.18493,0.16879,0.20108,0.19749,0.2477,
5.0,28.0,1.60121,0.20309,0.18446,0.17001,0.19892,0.19892,0.24769,
5.0,28.0,1.60121,0.20309,0.18446,0.17001,0.19892,0.19892,0.24769,
5.0,28.0,1.60121,0.20309,0.18446,0.17001,0.19892,0.19892,0.24769,
5.0,24.0,1.60096,0.21864,0.18167,0.1673,0.19784,0.20862,0.24455,
5.0,27.0,1.60109,0.2133,0.18266,0.16821,0.19892,0.20433,0.24588,
5.0,30.0,1.60037,0.2102,0.18365,0.16549,0.19818,0.20545,0.24722,
5.0,31.0,1.60001,0.21018,0.18399,0.16397,0.19854,0.20582,0.24767,
5.0,31.0,1.60001,0.21018,0.18399,0.16397,0.19854,0.20582,0.24767,
5.0,31.0,1.60001,0.21018,0.18399,0.16397,0.19854,0.20582,0.24767,
5.0,29.0,1.60006,0.21868,0.18332,0.16338,0.20326,0.20326,0.24677,
5.0,26.0,1.60051,0.23038,0.18233,0.1625,0.20216,0.21118,0.24183,
5.0,27.0,1.60061,0.22886,0.18266,0.16279,0.19892,0.21517,0.24046,
5.0,30.0,1.59991,0.22824,0.18365,0.16004,0.2,0.21453,0.24177,
5.0,30.0,1.59992,0.22824,0.18365,0.16004,0.2,0.21453,0.24177,
5.0,31.0,1.60002,0.22766,0.18399,0.16033,0.20036,0.2131,0.24221,
5.0,21.0,1.60088,0.28344,0.19678,0.15747,0.19678,0.21108,0.23788,
5.0,9.0,1.60477,0.35426,0.19474,0.16845,0.20175,0.20701,0.22804,
5.0,12.0,1.60453,0.35029,0.19259,0.16788,0.20318,0.20847,0.22788,
5.0,14.0,1.60496,0.35029,0.19327,0.16847,0.2039,0.20921,0.22515,
5.0,15.0,1.60464,0.35012,0.19361,0.167,0.20426,0.20958,0.22555,
5.0,14.0,1.60346,0.34664,0.1915,0.16316,0.2039,0.21629,0.22515,
5.0,13.0,1.60343,0.34932,0.19116,0.16287,0.2053,0.21591,0.22475,
5.0,16.0,1.60277,0.34268,0.19218,0.16019,0.2064,0.21529,0.22595,
5.0,17.0,1.60423,0.20649,0.1963,0.2,0.16485,0.2148,0.22405,
5.0,14.0,1.60426,0.22329,0.19522,0.20625,0.16394,0.21177,0.22281,
5.0,12.0,1.60582,0.24721,0.1945,0.20367,0.17067,0.211,0.22016,
5.0,13.0,1.60592,0.24765,0.19338,0.20441,0.1713,0.21177,0.21913,
5.0,14.0,1.60599,0.25034,0.19373,0.20295,0.17162,0.21401,0.21769,
5.0,17.0,1.60586,0.24592,0.19481,0.20222,0.17072,0.2152,0.21705,
5.0,20.0,1.60566,0.24189,0.1944,0.20187,0.17013,0.2168,0.2168,
5.0,23.0,1.60544,0.2351,0.19398,0.2015,0.16953,0.21655,0.21843,
5.0,21.0,1.60551,0.26872,0.20262,0.20075,0.16702,0.21387,0.21574,
5.0,19.0,1.60515,0.27925,0.20187,0.2,0.16639,0.22054,0.2112,
5.0,19.0,1.60516,0.29034,0.2056,0.19813,0.16639,0.22054,0.20933,
5.0,15.0,1.60527,0.31248,0.20408,0.20593,0.16516,0.21705,0.20778,
5.0,17.0,1.60607,0.31302,0.20112,0.2067,0.16949,0.21786,0.20484,
5.0,9.0,1.60421,0.3283,0.19633,0.20367,0.16701,0.23116,0.20183,
5.0,13.0,1.60384,0.32961,0.1963,0.20185,0.1667,0.2333,0.20185,
5.0,2.0,1.60348,0.38398,0.2087,0.19964,0.16338,0.23046,0.19782,
5.0,4.0,1.60311,0.37702,0.20802,0.20073,0.16245,0.23172,0.19708,
5.0,2.0,1.60285,0.3827,0.20726,0.20182,0.16186,0.23269,0.19637,
5.0,2.0,1.60285,0.3827,0.20726,0.20182,0.16186,0.23269,0.19637,
5.0,4.0,1.60311,0.38172,0.20802,0.20073,0.16245,0.23172,0.19708,
5.0,5.0,1.60317,0.38123,0.20657,0.2011,0.16275,0.23214,0.19744,
5.0,7.0,1.60306,0.37927,0.2055,0.20367,0.16151,0.23116,0.19817,
5.0,10.0,1.60292,0.37365,0.20517,0.20517,0.16086,0.23102,0.19778,
5.0,11.0,1.60295,0.37333,0.20555,0.2037,0.16115,0.23145,0.19815,
5.0,14.0,1.60303,0.36632,0.2067,0.20484,0.16019,0.22902,0.19926,
5.0,14.0,1.60304,0.36632,0.2067,0.20484,0.16019,0.22902,0.19926,
5.0,10.0,1.60274,0.38326,0.21255,0.20332,0.15901,0.22733,0.19778,
5.0,10.0,1.60273,0.38326,0.21255,0.20332,0.15901,0.22733,0.19778,
5.0,8.0,1.60483,0.3971,0.21177,0.20074,0.16762,0.22465,0.19522,
5.0,9.0,1.60482,0.39679,0.21216,0.19926,0.16793,0.22506,0.19558,
4.0,9.0,1.38063,0.31508,0.0,0.26375,0.24771,0.20876,0.27978,
5.0,10.0,1.60443,0.25147,0.19445,0.21295,0.2,0.1667,0.2259,
5.0,9.0,1.60443,0.25928,0.19409,0.21255,0.20148,0.1664,0.22548,
5.0,10.0,1.60453,0.25137,0.19445,0.2111,0.20185,0.1667,0.2259,
5.0,11.0,1.60411,0.24825,0.19332,0.21188,0.2026,0.16547,0.22673,
5.0,13.0,1.60404,0.23732,0.19253,0.21307,0.2,0.16639,0.228,
5.0,15.0,1.60383,0.23749,0.19174,0.21427,0.20113,0.16545,0.22741,
5.0,7.0,1.60659,0.26605,0.1889,0.2111,0.19815,0.17965,0.2222,
5.0,6.0,1.60696,0.28481,0.18855,0.21255,0.20332,0.17932,0.21625,
5.0,8.0,1.60722,0.28481,0.18925,0.21334,0.20408,0.17999,0.21334,
5.0,10.0,1.60744,0.2809,0.18996,0.21228,0.20484,0.18065,0.21228,
5.0,12.0,1.60753,0.2732,0.18915,0.20973,0.20599,0.18167,0.21347,
5.0,4.0,1.60654,0.31287,0.18335,0.2148,0.2111,0.17965,0.2111,
5.0,6.0,1.60644,0.30861,0.18403,0.21374,0.21188,0.17846,0.21188,
5.0,6.0,1.60645,0.30861,0.18403,0.21374,0.21188,0.17846,0.21188,
5.0,5.0,1.6066,0.3189,0.18554,0.21334,0.21149,0.17813,0.21149,
5.0,6.0,1.60622,0.31901,0.18438,0.21414,0.21228,0.17693,0.21228,
5.0,6.0,1.6067,0.31762,0.18286,0.21267,0.21081,0.18099,0.21267,
5.0,9.0,1.60653,0.30955,0.18235,0.21427,0.21051,0.18047,0.21239,
5.0,8.0,1.6064,0.31937,0.18201,0.21199,0.21574,0.18014,0.21012,
5.0,7.0,1.60576,0.32494,0.18014,0.21574,0.21574,0.17826,0.21012,
5.0,7.0,1.60575,0.32494,0.18014,0.21574,0.21574,0.17826,0.21012,
5.0,4.0,1.60635,0.33304,0.17913,0.21454,0.21454,0.18286,0.20894,
5.0,8.0,1.60642,0.32658,0.18047,0.21427,0.21615,0.18235,0.20676,
5.0,9.0,1.60662,0.32843,0.18115,0.21508,0.21508,0.18304,0.20565,
5.0,10.0,1.60674,0.32134,0.1815,0.21548,0.21359,0.18338,0.20604,
5.0,11.0,1.60657,0.31864,0.18184,0.21589,0.214,0.18184,0.20643,
5.0,11.0,1.60657,0.31864,0.18184,0.21589,0.214,0.18184,0.20643,
5.0,13.0,1.60674,0.31539,0.18253,0.21671,0.21291,0.18253,0.20532,
5.0,16.0,1.60676,0.30651,0.18358,0.21795,0.21031,0.18167,0.20649,
5.0,18.0,1.60694,0.20383,0.20384,0.18463,0.21921,0.2096,0.18271,
5.0,21.0,1.60643,0.20416,0.20348,0.18413,0.2209,0.21123,0.18026,
5.0,23.0,1.60643,0.20058,0.20273,0.1852,0.22025,0.21246,0.17936,
5.0,23.0,1.60644,0.20095,0.20117,0.18556,0.22068,0.21287,0.17971,
5.0,25.0,1.60674,0.19646,0.20196,0.18629,0.21958,0.21175,0.18041,
5.0,23.0,1.60718,0.21204,0.20117,0.19142,0.21873,0.20897,0.17971,
5.0,25.0,1.60704,0.21168,0.20196,0.19217,0.21958,0.20783,0.17846,
5.0,27.0,1.60712,0.20733,0.20275,0.19096,0.21848,0.20865,0.17916,
5.0,19.0,1.60537,0.24955,0.19961,0.188,0.23058,0.20542,0.17638,
5.0,21.0,1.60566,0.24882,0.20039,0.18873,0.22954,0.20427,0.17707,
5.0,23.0,1.60513,0.24928,0.19961,0.18984,0.23088,0.20547,0.1742,
5.0,24.0,1.60485,0.24928,0.2,0.19021,0.23133,0.20587,0.17258,
5.0,7.0,1.60204,0.28994,0.19356,0.18408,0.22198,0.23336,0.16702,
5.0,8.0,1.6022,0.28639,0.19392,0.18443,0.22051,0.2338,0.16734,
5.0,8.0,1.60261,0.3042,0.19772,0.18443,0.21671,0.2338,0.16734,
5.0,11.0,1.6033,0.29929,0.19885,0.18549,0.21604,0.23132,0.1683,
5.0,14.0,1.60325,0.28525,0.19808,0.18463,0.21537,0.23265,0.16927,
5.0,13.0,1.60131,0.28436,0.1977,0.18044,0.21495,0.23988,0.16702,
5.0,14.0,1.60128,0.287,0.19808,0.17887,0.21729,0.23842,0.16735,
5.0,19.0,1.60088,0.27564,0.19844,0.17707,0.21788,0.23925,0.16735,
5.0,20.0,1.60103,0.27217,0.19883,0.17741,0.21635,0.23972,0.16768,
5.0,9.0,1.60251,0.32968,0.19466,0.19466,0.20991,0.2366,0.16416,
5.0,10.0,1.60235,0.33005,0.19349,0.19349,0.21071,0.2375,0.16479,
5.0,12.0,1.60155,0.33005,0.19424,0.19424,0.21152,0.23842,0.16158,
5.0,4.0,1.60144,0.38029,0.19886,0.1913,0.21778,0.23292,0.15914,
5.0,4.0,1.60143,0.38029,0.19886,0.1913,0.21778,0.23292,0.15914,
5.0,5.0,1.60071,0.38663,0.19924,0.18976,0.22009,0.23336,0.15754,
5.0,6.0,1.60098,0.3845,0.19962,0.19013,0.22051,0.2319,0.15784,
5.0,6.0,1.60106,0.3825,0.19772,0.19202,0.22051,0.2319,0.15784,
5.0,9.0,1.60147,0.37937,0.19885,0.19121,0.22177,0.22941,0.15875,
4.0,11.0,1.38357,0.25075,0.0,0.23518,0.22833,0.26482,0.27166,
5.0,12.0,1.60727,0.20242,0.19522,0.1897,0.18418,0.21177,0.21913,
5.0,10.0,1.60774,0.20677,0.1945,0.18717,0.19084,0.20916,0.21833,
5.0,12.0,1.60768,0.2039,0.19522,0.18602,0.19154,0.20809,0.21913,
5.0,13.0,1.60769,0.20136,0.19409,0.18671,0.19224,0.20702,0.21994,
5.0,11.0,1.60795,0.23801,0.20257,0.18418,0.19154,0.20625,0.21545,
5.0,6.0,1.60698,0.25603,0.20073,0.1825,0.18615,0.21896,0.21167,
5.0,6.0,1.60752,0.26827,0.20073,0.18615,0.18615,0.21713,0.20984,
5.0,6.0,1.60765,0.27316,0.20255,0.18615,0.18615,0.21531,0.20984,
5.0,9.0,1.60772,0.26458,0.20367,0.18534,0.18717,0.21466,0.20916,
5.0,10.0,1.60762,0.26156,0.20257,0.18602,0.18602,0.21545,0.20993,
5.0,10.0,1.60762,0.26156,0.20257,0.18602,0.18602,0.21545,0.20993,
5.0,10.0,1.60796,0.27458,0.20111,0.18452,0.19189,0.21585,0.20663,
5.0,12.0,1.60801,0.27167,0.20185,0.1852,0.19075,0.2148,0.2074,
5.0,13.0,1.60815,0.26945,0.20074,0.18589,0.19146,0.21374,0.20817,
5.0,13.0,1.60815,0.26945,0.20074,0.18589,0.19146,0.21374,0.20817,
5.0,14.0,1.60806,0.26635,0.20112,0.18623,0.18996,0.21414,0.20856,
5.0,17.0,1.60789,0.25646,0.20224,0.18541,0.18915,0.21534,0.20786,
5.0,13.0,1.6083,0.29089,0.19889,0.18403,0.19889,0.21374,0.20446,
5.0,13.0,1.60851,0.30024,0.19889,0.18775,0.19517,0.21374,0.20446,
5.0,16.0,1.60854,0.29239,0.1985,0.18728,0.19663,0.21347,0.20411,
5.0,7.0,1.60718,0.32728,0.20074,0.18418,0.19154,0.22465,0.1989,
5.0,8.0,1.60738,0.32493,0.20111,0.18452,0.19189,0.22322,0.19926,
5.0,9.0,1.60757,0.32608,0.20148,0.18486,0.19225,0.22179,0.19963,
5.0,11.0,1.60749,0.32081,0.20037,0.18554,0.1911,0.22261,0.20037,
5.0,13.0,1.60752,0.32499,0.20298,0.18437,0.19182,0.22158,0.19926,
5.0,14.0,1.60744,0.32167,0.20335,0.18472,0.19031,0.22199,0.19963,
5.0,10.0,1.60791,0.33229,0.20037,0.18369,0.19852,0.2189,0.19852,
5.0,6.0,1.60842,0.35299,0.1989,0.1897,0.19706,0.21729,0.19706,
5.0,6.0,1.60831,0.35748,0.20074,0.18786,0.19706,0.21729,0.19706,
4.0,9.0,1.38491,0.25823,0.0,0.24828,0.2345,0.24598,0.27124,
5.0,13.0,1.60838,0.19587,0.1974,0.1974,0.18996,0.1974,0.21786,
5.0,13.0,1.60852,0.21349,0.20112,0.1974,0.18996,0.19554,0.216,
5.0,2.0,1.60832,0.24998,0.19708,0.19891,0.18432,0.20802,0.21167,
5.0,5.0,1.60824,0.24899,0.19669,0.20037,0.18384,0.20588,0.21322,
5.0,5.0,1.60825,0.25054,0.19669,0.20037,0.18384,0.20588,0.21322,
5.0,5.0,1.60825,0.25054,0.19669,0.20037,0.18384,0.20588,0.21322,
5.0,5.0,1.60825,0.25482,0.19669,0.20037,0.18384,0.20588,0.21322,
5.0,6.0,1.60808,0.25467,0.19706,0.20074,0.18234,0.20625,0.21361,
5.0,8.0,1.60806,0.24561,0.19778,0.19778,0.18301,0.20702,0.2144,
5.0,7.0,1.60828,0.25894,0.19742,0.20295,0.18268,0.20663,0.21032,
5.0,11.0,1.60833,0.24288,0.19554,0.20298,0.18438,0.20484,0.21228,
5.0,8.0,1.60809,0.2499,0.19296,0.20222,0.18369,0.20964,0.21149,
5.0,9.0,1.60817,0.24922,0.19332,0.2026,0.18403,0.20817,0.21188,
5.0,7.0,1.60802,0.26126,0.1963,0.20185,0.1815,0.20925,0.2111,
5.0,10.0,1.60792,0.25116,0.1974,0.20112,0.18065,0.20856,0.21228,
5.0,14.0,1.6081,0.24875,0.19888,0.19888,0.18201,0.20825,0.21199,
5.0,17.0,1.60798,0.25417,0.2,0.20565,0.17927,0.20565,0.20942,
5.0,20.0,1.60785,0.2413,0.19924,0.20682,0.17839,0.20682,0.20872,
5.0,22.0,1.60798,0.23703,0.2,0.20571,0.17907,0.20761,0.20761,
5.0,21.0,1.60801,0.25149,0.20532,0.20342,0.17873,0.20722,0.20532,
5.0,22.0,1.60768,0.26977,0.2038,0.21141,0.17717,0.2019,0.20571,
5.0,22.0,1.60743,0.27319,0.20761,0.20951,0.17527,0.2019,0.20571,
5.0,25.0,1.60766,0.25815,0.20728,0.20728,0.17661,0.20153,0.20728,
5.0,26.0,1.60767,0.2575,0.20768,0.20768,0.17695,0.2,0.20768,
5.0,27.0,1.60773,0.2575,0.20808,0.20808,0.17729,0.20038,0.20616,
5.0,27.0,1.60773,0.2575,0.20808,0.20808,0.17729,0.20038,0.20616,
5.0,14.0,1.60934,0.32586,0.203,0.203,0.19925,0.19362,0.20113,
5.0,15.0,1.60922,0.33035,0.20527,0.20339,0.19962,0.1921,0.19962,
5.0,12.0,1.60885,0.35764,0.20411,0.20224,0.20786,0.18728,0.1985,
4.0,5.0,1.38625,0.27791,0.0,0.25,0.24542,0.25458,0.25,
5.0,2.0,1.60929,0.25442,0.1945,0.2055,0.2,0.20183,0.19817,
5.0,4.0,1.6091,0.25536,0.19225,0.20702,0.20148,0.20332,0.19594,
5.0,5.0,1.60909,0.25565,0.1911,0.20593,0.20222,0.20408,0.19666,
5.0,5.0,1.609,0.25612,0.1896,0.20631,0.2026,0.20446,0.19703,
5.0,9.0,1.60904,0.24663,0.18951,0.20637,0.20262,0.20262,0.19888,
5.0,11.0,1.60908,0.24157,0.19022,0.20715,0.2015,0.2015,0.19962,
5.0,10.0,1.60909,0.25238,0.19022,0.20715,0.2015,0.2015,0.19962,
5.0,7.0,1.60885,0.26364,0.18763,0.20825,0.20075,0.2045,0.19888,
5.0,8.0,1.60876,0.26369,0.18646,0.20903,0.2015,0.20339,0.19962,
5.0,8.0,1.60862,0.26416,0.18492,0.20942,0.20188,0.20377,0.2,
5.0,9.0,1.60864,0.26117,0.18527,0.20982,0.20227,0.20227,0.20038,
5.0,9.0,1.60849,0.26163,0.18373,0.21022,0.20265,0.20265,0.20076,
5.0,11.0,1.60851,0.25527,0.18443,0.21101,0.20152,0.20342,0.19962,
5.0,13.0,1.60851,0.25035,0.18513,0.21182,0.20038,0.20419,0.19847,
5.0,14.0,1.60835,0.24383,0.18393,0.21263,0.19923,0.20497,0.19923,
5.0,14.0,1.60799,0.2447,0.18079,0.21345,0.2,0.20576,0.2,
5.0,8.0,1.60726,0.25652,0.17873,0.21101,0.19582,0.21671,0.19772,
5.0,8.0,1.60726,0.25652,0.17873,0.21101,0.19582,0.21671,0.19772,
5.0,10.0,1.60737,0.25599,0.17941,0.21182,0.19657,0.21563,0.19657,
5.0,12.0,1.60762,0.25492,0.1801,0.21263,0.19732,0.21263,0.19732,
5.0,14.0,1.60764,0.25259,0.17921,0.21193,0.19846,0.21193,0.19846,
5.0,16.0,1.60785,0.24727,0.17991,0.21082,0.19923,0.21082,0.19923,
5.0,18.0,1.60783,0.2449,0.17901,0.2101,0.20039,0.2101,0.20039,
5.0,19.0,1.6077,0.24263,0.17776,0.21092,0.20117,0.20897,0.20117,
5.0,14.0,1.60711,0.25565,0.17604,0.20889,0.19923,0.21661,0.19923,
5.0,16.0,1.60664,0.25154,0.17352,0.20857,0.20078,0.2183,0.19883,
5.0,4.0,1.60566,0.31617,0.16956,0.20951,0.21522,0.21332,0.19239,
5.0,8.0,1.60607,0.29645,0.17086,0.2092,0.21112,0.21495,0.19386,
5.0,9.0,1.60617,0.29618,0.17119,0.2096,0.2096,0.21537,0.19424,
4.0,11.0,1.38244,0.19394,0.0,0.21296,0.25836,0.26075,0.26792,
5.0,7.0,1.60601,0.17792,0.19924,0.16892,0.2144,0.20682,0.21061,
5.0,9.0,1.60615,0.17415,0.2,0.16956,0.21522,0.20571,0.20951,
5.0,5.0,1.60585,0.19174,0.19849,0.16828,0.21171,0.21359,0.20793,
5.0,8.0,1.60567,0.19146,0.19962,0.16734,0.21101,0.21481,0.20722,
5.0,10.0,1.60582,0.18739,0.20038,0.16798,0.20991,0.21563,0.2061,
5.0,14.0,1.60577,0.17955,0.20192,0.16735,0.20768,0.21537,0.20768,
5.0,15.0,1.60542,0.17986,0.20077,0.16606,0.20848,0.2162,0.20848,
5.0,16.0,1.60549,0.17986,0.20116,0.16638,0.20889,0.21661,0.20695,
5.0,14.0,1.60505,0.18542,0.20038,0.16574,0.20616,0.22155,0.20616,
5.0,17.0,1.60459,0.18401,0.20155,0.16477,0.20542,0.22478,0.20348,
5.0,17.0,1.60459,0.18436,0.2,0.16509,0.20582,0.22521,0.20388,
5.0,17.0,1.60457,0.18471,0.19844,0.16541,0.20622,0.22565,0.20427,
5.0,10.0,1.60578,0.22208,0.19578,0.17278,0.20345,0.22646,0.20153,
5.0,11.0,1.60573,0.21775,0.19461,0.17344,0.20231,0.22733,0.20231,
5.0,14.0,1.60564,0.20985,0.19418,0.17285,0.20388,0.22715,0.20194,
5.0,14.0,1.60564,0.20985,0.19418,0.17285,0.20388,0.22715,0.20194,
5.0,14.0,1.60564,0.21246,0.19418,0.17285,0.20388,0.22715,0.20194,
5.0,15.0,1.60565,0.21246,0.19456,0.17318,0.20427,0.22759,0.20039,
5.0,12.0,1.60513,0.22629,0.19187,0.17058,0.21316,0.22478,0.19961,
5.0,6.0,1.60537,0.27021,0.19962,0.16894,0.21112,0.22262,0.1977,
5.0,6.0,1.60536,0.27021,0.19962,0.16894,0.21112,0.22262,0.1977,
5.0,7.0,1.60622,0.27394,0.2,0.17311,0.2096,0.22113,0.19616,
5.0,9.0,1.60562,0.26854,0.20077,0.16992,0.21041,0.22198,0.19691,
5.0,11.0,1.60577,0.26536,0.20155,0.17058,0.21123,0.2209,0.19574,
5.0,11.0,1.60577,0.26575,0.2,0.17091,0.21164,0.22133,0.19612,
5.0,10.0,1.60577,0.27101,0.20155,0.17058,0.21123,0.2209,0.19574,
5.0,10.0,1.60577,0.27101,0.20155,0.17058,0.21123,0.2209,0.19574,
5.0,11.0,1.60595,0.26776,0.20194,0.17091,0.21164,0.21939,0.19612,
5.0,10.0,1.60525,0.28225,0.19961,0.16864,0.21897,0.21703,0.19574,
