RabA,RabB,RabC,RabD,RabE,area,memCis,memL,memLS,memMedial,memS,memTrans,memTub,membraneMarker,proton,solL,solS,solubleMarker,volume,
1969778.59,0.0,0.0,0.0,0.0,1969778.59,8033.0,8033.0,8033.0,8033.0,8033.0,8033.0,8033.0,1.0,1000.0,196257.0,196257.0,1.0,1.900663555E7,
1969778.59,0.0,0.0,0.0,0.0,1969778.59,8033.0,8033.0,8033.0,8033.0,8033.0,8033.0,8033.0,1.0,1000.0,196257.0,196257.0,1.0,1.900663555E7,
1969778.59,30787.61,0.0,0.0,0.0,2000566.2,8033.0,8033.0,8033.0,8033.0,8033.0,8033.0,8033.0,1.0,1000.0,196257.0,196257.0,1.0,1.927602712E7,
1954384.79,30787.61,0.0,0.0,0.0,1985172.4,8033.0,8033.0,8033.0,8033.0,8033.0,8033.0,8033.0,1.0,1000.0,196257.0,196257.0,1.0,1.914133134E7,
1923597.18,30787.61,0.0,0.0,0.0,1954384.79,8033.0,8033.0,8033.0,8033.0,8033.0,8033.0,8033.0,1.0,1000.0,196257.0,196257.0,1.0,1.887193976E7,
1923597.18,30787.61,0.0,0.0,0.0,1954384.79,8033.0,8033.0,8033.0,8033.0,8033.0,8033.0,8033.0,1.0,1000.0,196257.0,196257.0,1.0,1.887193976E7,
1908203.38,30787.61,0.0,0.0,0.0,1938990.99,8033.0,8033.0,8033.0,8033.0,8033.0,8033.0,8033.0,1.0,1000.0,196257.0,196257.0,1.0,1.873724398E7,
1908203.38,30787.61,0.0,0.0,0.0,1938990.99,8033.0,8033.0,8033.0,8033.0,8033.0,8033.0,8033.0,1.0,1000.0,196257.0,196257.0,1.0,1.873724398E7,
1908203.38,30787.61,0.0,0.0,0.0,1938990.99,8033.0,8033.0,8033.0,8033.0,8033.0,8033.0,8033.0,1.0,1000.0,196257.0,196257.0,1.0,1.873724398E7,
1908203.38,30787.61,0.0,0.0,0.0,1938990.99,8033.0,8033.0,8033.0,8033.0,8033.0,8033.0,8033.0,1.0,1000.0,196257.0,196257.0,1.0,1.873724398E7,
1908203.38,30787.61,0.0,0.0,0.0,1938990.99,8033.0,8033.0,8033.0,8033.0,8033.0,8033.0,8033.0,1.0,1000.0,196257.0,196257.0,1.0,1.873724398E7,
1892809.57,30787.61,0.0,0.0,0.0,1923597.18,8033.0,8033.0,8033.0,8033.0,8033.0,8033.0,8033.0,1.0,1000.0,196257.0,196257.0,1.0,1.860254819E7,
1892809.57,30787.61,0.0,0.0,0.0,1923597.18,8033.0,8033.0,8033.0,8033.0,8033.0,8033.0,8033.0,1.0,1000.0,196257.0,196257.0,1.0,1.860254819E7,
1877415.77,15393.8,0.0,0.0,0.0,1892809.57,7968.72,8033.0,8033.0,7968.72,7968.72,7968.72,4818.75,1.0,992.76,196257.0,194835.96,1.0,1.833315662E7,
1846628.16,15393.8,0.0,0.0,0.0,1862021.97,7968.72,8033.0,8033.0,7968.72,7968.72,7968.72,4818.75,1.0,992.76,196257.0,194835.96,1.0,1.806376505E7,
1846628.16,15393.8,0.0,0.0,0.0,1862021.97,7968.72,8033.0,8033.0,7968.72,7968.72,7968.72,4818.75,1.0,992.76,196257.0,194835.96,1.0,1.806376505E7,
1846628.16,15393.8,0.0,0.0,0.0,1862021.97,7968.72,8033.0,8033.0,7968.72,7968.72,7968.72,4818.75,1.0,992.76,196257.0,194835.96,1.0,1.806376505E7,
1846628.16,15393.8,0.0,0.0,0.0,1862021.97,7968.72,8033.0,8033.0,7968.72,7968.72,7968.72,4818.75,1.0,992.76,196257.0,194835.96,1.0,1.806376505E7,
1831234.36,15393.8,0.0,0.0,0.0,1846628.16,7968.72,8033.0,8033.0,7968.72,7968.72,7968.72,4818.75,1.0,992.76,196257.0,194835.96,1.0,1.792906927E7,
1815840.55,15393.8,0.0,0.0,0.0,1831234.36,7968.72,8033.0,8033.0,7968.72,7968.72,7968.72,4818.75,1.0,992.76,196257.0,194835.96,1.0,1.779437348E7,
1815840.55,15393.8,0.0,0.0,0.0,1831234.36,7968.72,8033.0,8033.0,7968.72,7968.72,7968.72,4818.75,1.0,992.76,196257.0,194835.96,1.0,1.779437348E7,
1800446.75,15393.8,0.0,0.0,0.0,1815840.55,7968.72,8033.0,8033.0,7968.72,7968.72,7968.72,4818.75,1.0,992.76,196257.0,194835.96,1.0,1.76596777E7,
1800446.75,15393.8,0.0,0.0,0.0,1815840.55,7968.72,8033.0,8033.0,7968.72,7968.72,7968.72,4818.75,1.0,992.76,196257.0,194835.96,1.0,1.76596777E7,
1769659.14,15393.8,0.0,0.0,0.0,1785052.95,7968.72,8033.0,8033.0,7968.72,7968.72,7968.72,4818.75,1.0,992.76,196257.0,194835.96,1.0,1.739028613E7,
1769659.14,15393.8,0.0,0.0,0.0,1785052.95,7968.72,8033.0,8033.0,7968.72,7968.72,7968.72,4818.75,1.0,992.76,196257.0,194835.96,1.0,1.739028613E7,
1754265.34,15393.8,0.0,0.0,0.0,1769659.14,7968.72,8033.0,8033.0,7968.72,7968.72,7968.72,4818.75,1.0,992.76,196257.0,194835.96,1.0,1.725559034E7,
1754265.34,76969.02,0.0,0.0,0.0,1831234.36,7969.74,8033.0,8033.0,7969.74,7969.74,7969.74,6870.25,1.0,992.86,196257.0,194856.39,1.0,1.779437348E7,
1754265.34,76969.02,0.0,0.0,0.0,1831234.36,7969.74,8033.0,8033.0,7969.74,7969.74,7969.74,6870.25,1.0,992.86,196257.0,194856.39,1.0,1.779437348E7,
1754265.34,76969.02,0.0,0.0,0.0,1831234.36,7969.74,8033.0,8033.0,7969.74,7969.74,7969.74,6870.25,1.0,992.86,196257.0,194856.39,1.0,1.779437348E7,
1754265.34,61575.22,0.0,0.0,0.0,1815840.55,7902.74,8033.0,8033.0,7902.74,7902.74,7902.74,3982.6,1.0,985.35,196257.0,193381.41,1.0,1.76596777E7,
0.0,1723477.73,61575.22,0.0,0.0,1785052.95,7902.74,8033.0,8033.0,7902.74,7902.74,7902.74,3982.6,1.0,985.35,196257.0,193381.41,1.0,1.739028613E7,
0.0,1692690.12,61575.22,0.0,0.0,1754265.34,7766.44,8033.0,8033.0,7766.44,7766.44,7766.44,1280.07,1.0,970.08,196257.0,190385.75,1.0,1.712089456E7,
0.0,1692690.12,46181.41,0.0,0.0,1738871.53,7698.29,8033.0,4508.49,7698.29,7698.29,7698.29,718.43,1.0,962.45,196257.0,188887.93,1.0,1.698619877E7,
0.0,1692690.12,46181.41,0.0,0.0,1738871.53,7698.29,8033.0,4508.49,7698.29,7698.29,7698.29,718.43,1.0,962.45,196257.0,188887.93,1.0,1.698619877E7,
0.0,1692690.12,46181.41,0.0,0.0,1738871.53,7698.29,8033.0,4508.49,7698.29,7698.29,7698.29,718.43,1.0,962.45,196257.0,188887.93,1.0,1.698619877E7,
0.0,1692690.12,46181.41,0.0,0.0,1738871.53,7698.29,8033.0,4508.49,7698.29,7698.29,7698.29,718.43,1.0,962.45,196257.0,188887.93,1.0,1.698619877E7,
0.0,1692690.12,46181.41,0.0,0.0,1738871.53,7698.29,8033.0,4508.49,7698.29,7698.29,7698.29,718.43,1.0,962.45,196257.0,188887.93,1.0,1.698619877E7,
0.0,1677296.32,92362.82,0.0,0.0,1769659.14,7631.15,8033.0,5804.66,7631.15,7631.15,7631.15,889.08,1.0,954.92,196257.0,187410.36,1.0,1.725559034E7,
0.0,1677296.32,92362.82,0.0,0.0,1769659.14,7631.15,8033.0,5804.66,7631.15,7631.15,7631.15,889.08,1.0,954.92,196257.0,187410.36,1.0,1.725559034E7,
0.0,1677296.32,92362.82,0.0,0.0,1769659.14,7631.15,8033.0,5804.66,7631.15,7631.15,7631.15,889.08,1.0,954.92,196257.0,187410.36,1.0,1.725559034E7,
0.0,1646508.71,76969.02,0.0,0.0,1723477.73,7432.0,8033.0,3280.0,7432.0,7432.0,7432.0,157.15,1.0,932.56,196257.0,183021.63,1.0,1.685150299E7,
0.0,1646508.71,76969.02,0.0,0.0,1723477.73,7432.0,8033.0,3280.0,7432.0,7432.0,7432.0,157.15,1.0,932.56,196257.0,183021.63,1.0,1.685150299E7,
0.0,1646508.71,76969.02,0.0,0.0,1723477.73,7432.0,8033.0,3280.0,7432.0,7432.0,7432.0,157.15,1.0,932.56,196257.0,183021.63,1.0,1.685150299E7,
0.0,1646508.71,76969.02,0.0,0.0,1723477.73,7432.0,8033.0,3280.0,7432.0,7432.0,7432.0,157.15,1.0,932.56,196257.0,183021.63,1.0,1.685150299E7,
0.0,1631114.91,76969.02,0.0,0.0,1708083.93,7365.62,8033.0,3280.0,7365.62,7365.62,7365.62,86.97,1.0,925.11,196257.0,181558.72,1.0,1.67168072E7,
0.0,1631114.91,76969.02,0.0,0.0,1708083.93,7365.62,8033.0,3280.0,7365.62,7365.62,7365.62,86.97,1.0,925.11,196257.0,181558.72,1.0,1.67168072E7,
0.0,1631114.91,46181.41,0.0,0.0,1677296.32,7232.86,8033.0,982.59,7232.86,7232.86,7232.86,26.05,1.0,910.2,196257.0,178632.89,1.0,1.644741563E7,
0.0,1631114.91,61575.22,0.0,0.0,1692690.12,7233.36,8033.0,982.59,7233.36,7233.36,7233.36,76.2,1.0,910.25,196257.0,178642.88,1.0,1.658211142E7,
0.0,1631114.91,61575.22,0.0,0.0,1692690.12,7233.36,8033.0,982.59,7233.36,7233.36,7233.36,76.2,1.0,910.25,196257.0,178642.88,1.0,1.658211142E7,
0.0,1631114.91,61575.22,0.0,0.0,1692690.12,7233.36,8033.0,982.59,7233.36,7233.36,7233.36,76.2,1.0,910.25,196257.0,178642.88,1.0,1.658211142E7,
0.0,1631114.91,61575.22,0.0,0.0,1692690.12,7233.36,8033.0,982.59,7233.36,7233.36,7233.36,76.2,1.0,910.25,196257.0,178642.88,1.0,1.658211142E7,
0.0,1631114.91,61575.22,0.0,0.0,1692690.12,7233.36,8033.0,982.59,7233.36,7233.36,7233.36,76.2,1.0,910.25,196257.0,178642.88,1.0,1.658211142E7,
0.0,1631114.91,61575.22,0.0,0.0,1692690.12,7233.36,8033.0,982.59,7233.36,7233.36,7233.36,76.2,1.0,910.25,196257.0,178642.88,1.0,1.658211142E7,
0.0,1631114.91,61575.22,0.0,0.0,1692690.12,7233.36,8033.0,982.59,7233.36,7233.36,7233.36,76.2,1.0,910.25,196257.0,178642.88,1.0,1.658211142E7,
0.0,1631114.91,61575.22,0.0,0.0,1692690.12,7233.36,8033.0,982.59,7233.36,7233.36,7233.36,76.2,1.0,910.25,196257.0,178642.88,1.0,1.658211142E7,
0.0,1631114.91,61575.22,0.0,0.0,1692690.12,7233.36,8033.0,982.59,7233.36,7233.36,7233.36,76.2,1.0,910.25,196257.0,178642.88,1.0,1.658211142E7,
0.0,1631114.91,61575.22,0.0,0.0,1692690.12,7233.36,8033.0,982.59,7233.36,7233.36,7233.36,76.2,1.0,910.25,196257.0,178642.88,1.0,1.658211142E7,
0.0,1631114.91,61575.22,0.0,0.0,1692690.12,7233.36,8033.0,982.59,7233.36,7233.36,7233.36,76.2,1.0,910.25,196257.0,178642.88,1.0,1.658211142E7,
0.0,1631114.91,61575.22,0.0,0.0,1692690.12,7233.36,8033.0,982.59,7233.36,7233.36,7233.36,76.2,1.0,910.25,196257.0,178642.88,1.0,1.658211142E7,
0.0,1631114.91,61575.22,0.0,0.0,1692690.12,7233.36,8033.0,982.59,7233.36,7233.36,7233.36,76.2,1.0,910.25,196257.0,178642.88,1.0,1.658211142E7,
0.0,0.0,1631114.91,61575.22,0.0,1692690.12,7233.36,8033.0,982.59,7233.36,7233.36,7233.36,76.2,1.0,910.25,196257.0,178642.88,1.0,1.658211142E7,
0.0,0.0,1631114.91,61575.22,0.0,1692690.12,7233.36,8033.0,982.59,7233.36,7233.36,7233.36,76.2,1.0,910.25,196257.0,178642.88,1.0,1.658211142E7,
0.0,0.0,1615721.1,61575.22,0.0,1677296.32,7167.57,8033.0,535.79,7167.57,7167.57,7167.57,41.55,1.0,902.86,196257.0,177191.77,1.0,1.644741563E7,
0.0,0.0,1615721.1,61575.22,0.0,1677296.32,7167.57,8033.0,535.79,7167.57,7167.57,7167.57,41.55,1.0,902.86,196257.0,177191.77,1.0,1.644741563E7,
0.0,0.0,1615721.1,61575.22,0.0,1677296.32,7167.57,8033.0,535.79,7167.57,7167.57,7167.57,41.55,1.0,902.86,196257.0,177191.77,1.0,1.644741563E7,
0.0,0.0,1615721.1,61575.22,0.0,1677296.32,7167.57,8033.0,535.79,7167.57,7167.57,7167.57,41.55,1.0,902.86,196257.0,177191.77,1.0,1.644741563E7,
0.0,0.0,1615721.1,61575.22,0.0,1677296.32,7167.57,8033.0,535.79,7167.57,7167.57,7167.57,41.55,1.0,902.86,196257.0,177191.77,1.0,1.644741563E7,
0.0,0.0,1615721.1,61575.22,0.0,1677296.32,7167.57,8033.0,535.79,7167.57,7167.57,7167.57,41.55,1.0,902.86,196257.0,177191.77,1.0,1.644741563E7,
0.0,0.0,1600327.3,61575.22,0.0,1661902.51,7101.79,8033.0,289.92,7101.79,7101.79,7101.79,22.48,1.0,895.46,196257.0,175740.66,1.0,1.631271985E7,
0.0,0.0,1600327.3,46181.41,0.0,1646508.71,7036.01,8033.0,289.92,7036.01,7036.01,7036.01,12.07,1.0,888.07,196257.0,174289.56,1.0,1.617802406E7,
0.0,0.0,1600327.3,46181.41,0.0,1646508.71,7036.01,8033.0,289.92,7036.01,7036.01,7036.01,12.07,1.0,888.07,196257.0,174289.56,1.0,1.617802406E7,
0.0,0.0,1600327.3,76969.02,0.0,1677296.32,7102.27,8033.0,289.92,7102.27,7102.27,7102.27,23.08,1.0,895.51,196257.0,175750.27,1.0,1.644741563E7,
0.0,0.0,1600327.3,76969.02,0.0,1677296.32,7102.27,8033.0,289.92,7102.27,7102.27,7102.27,23.08,1.0,895.51,196257.0,175750.27,1.0,1.644741563E7,
0.0,0.0,1600327.3,61575.22,0.0,1661902.51,7037.09,8033.0,289.92,7037.09,7037.09,7037.09,12.49,1.0,888.18,196257.0,174310.96,1.0,1.631271985E7,
0.0,0.0,1600327.3,46181.41,0.0,1646508.71,6971.9,8033.0,289.92,6971.9,6971.9,6971.9,6.7,1.0,880.84,196257.0,172871.66,1.0,1.617802406E7,
0.0,0.0,1600327.3,46181.41,0.0,1646508.71,6971.9,8033.0,289.92,6971.9,6971.9,6971.9,6.7,1.0,880.84,196257.0,172871.66,1.0,1.617802406E7,
0.0,0.0,1600327.3,46181.41,0.0,1646508.71,6971.9,8033.0,289.92,6971.9,6971.9,6971.9,6.7,1.0,880.84,196257.0,172871.66,1.0,1.617802406E7,
0.0,0.0,1600327.3,46181.41,0.0,1646508.71,6971.9,8033.0,289.92,6971.9,6971.9,6971.9,6.7,1.0,880.84,196257.0,172871.66,1.0,1.617802406E7,
0.0,0.0,1584933.49,46181.41,0.0,1631114.91,6906.72,8033.0,154.39,6906.72,6906.72,6906.72,3.57,1.0,873.51,196257.0,171432.36,1.0,1.604332828E7,
0.0,0.0,1584933.49,30787.61,0.0,1615721.1,6841.54,8033.0,154.39,6841.54,6841.54,6841.54,1.89,1.0,866.18,196257.0,169993.05,1.0,1.590863249E7,
0.0,0.0,1584933.49,30787.61,0.0,1615721.1,6841.54,8033.0,154.39,6841.54,6841.54,6841.54,1.89,1.0,866.18,196257.0,169993.05,1.0,1.590863249E7,
0.0,0.0,1569539.69,15393.8,0.0,1584933.49,6711.17,8033.0,80.14,6711.17,6711.17,6711.17,0.51,1.0,851.51,196257.0,167114.45,1.0,1.563924092E7,
0.0,0.0,1569539.69,15393.8,0.0,1584933.49,6711.17,8033.0,80.14,6711.17,6711.17,6711.17,0.51,1.0,851.51,196257.0,167114.45,1.0,1.563924092E7,
0.0,0.0,1569539.69,15393.8,0.0,1584933.49,6711.17,8033.0,80.14,6711.17,6711.17,6711.17,0.51,1.0,851.51,196257.0,167114.45,1.0,1.563924092E7,
0.0,0.0,1569539.69,15393.8,0.0,1584933.49,6711.17,8033.0,80.14,6711.17,6711.17,6711.17,0.51,1.0,851.51,196257.0,167114.45,1.0,1.563924092E7,
0.0,0.0,1569539.69,15393.8,0.0,1584933.49,6711.17,8033.0,80.14,6711.17,6711.17,6711.17,0.51,1.0,851.51,196257.0,167114.45,1.0,1.563924092E7,
0.0,0.0,1569539.69,15393.8,0.0,1584933.49,6711.17,8033.0,80.14,6711.17,6711.17,6711.17,0.51,1.0,851.51,196257.0,167114.45,1.0,1.563924092E7,
0.0,0.0,1569539.69,15393.8,0.0,1584933.49,6711.17,8033.0,80.14,6711.17,6711.17,6711.17,0.51,1.0,851.51,196257.0,167114.45,1.0,1.563924092E7,
0.0,0.0,1554145.89,15393.8,0.0,1569539.69,6645.99,8033.0,41.22,6645.99,6645.99,6645.99,0.26,1.0,844.17,196257.0,165675.14,1.0,1.550454514E7,
0.0,0.0,1554145.89,15393.8,0.0,1569539.69,6645.99,8033.0,41.22,6645.99,6645.99,6645.99,0.26,1.0,844.17,196257.0,165675.14,1.0,1.550454514E7,
0.0,0.0,0.0,1523358.28,15393.8,1538752.08,6515.62,8033.0,10.6,6515.62,6515.62,6515.62,0.07,1.0,829.51,196257.0,162796.54,1.0,1.523515357E7,
0.0,0.0,0.0,1523358.28,15393.8,1538752.08,6515.62,8033.0,10.6,6515.62,6515.62,6515.62,0.07,1.0,829.51,196257.0,162796.54,1.0,1.523515357E7,
0.0,0.0,0.0,1523358.28,15393.8,1538752.08,6515.62,8033.0,10.6,6515.62,6515.62,6515.62,0.07,1.0,829.51,196257.0,162796.54,1.0,1.523515357E7,
0.0,0.0,0.0,1523358.28,15393.8,1538752.08,6515.62,8033.0,10.6,6515.62,6515.62,6515.62,0.07,1.0,829.51,196257.0,162796.54,1.0,1.523515357E7,
0.0,0.0,0.0,1507964.47,15393.8,1523358.28,6450.44,8033.0,10.6,6450.44,6450.44,6450.44,0.03,1.0,822.17,196257.0,161357.23,1.0,1.510045778E7,
0.0,0.0,0.0,1492570.67,15393.8,1507964.47,6385.26,8033.0,10.6,6385.26,6385.26,6385.26,0.02,1.0,814.84,196257.0,159917.93,1.0,1.4965762E7,
0.0,0.0,0.0,1477176.87,15393.8,1492570.67,6320.07,8033.0,10.6,6320.07,6320.07,6320.07,0.01,1.0,807.51,196257.0,158478.63,1.0,1.483106621E7,
0.0,0.0,0.0,1477176.87,15393.8,1492570.67,6320.07,8033.0,10.6,6320.07,6320.07,6320.07,0.01,1.0,807.51,196257.0,158478.63,1.0,1.483106621E7,
0.0,0.0,0.0,1461783.06,15393.8,1477176.87,6254.89,8033.0,10.6,6254.89,6254.89,6254.89,0.0,1.0,800.17,196257.0,157039.32,1.0,1.469637043E7,
0.0,0.0,0.0,1461783.06,15393.8,1477176.87,6254.89,8033.0,10.6,6254.89,6254.89,6254.89,0.0,1.0,800.17,196257.0,157039.32,1.0,1.469637043E7,
0.0,0.0,0.0,1446389.26,15393.8,1461783.06,6189.71,8033.0,10.6,6189.71,6189.71,6189.71,0.0,1.0,792.84,196257.0,155600.02,1.0,1.456167464E7,
0.0,0.0,0.0,1446389.26,15393.8,1461783.06,6189.71,8033.0,10.6,6189.71,6189.71,6189.71,0.0,1.0,792.84,196257.0,155600.02,1.0,1.456167464E7,
0.0,0.0,0.0,1430995.45,15393.8,1446389.26,6124.53,8033.0,10.6,6124.53,6124.53,6124.53,0.0,1.0,785.5,196257.0,154160.72,1.0,1.442697886E7,
0.0,0.0,0.0,1430995.45,15393.8,1446389.26,6124.53,8033.0,10.6,6124.53,6124.53,6124.53,0.0,1.0,785.5,196257.0,154160.72,1.0,1.442697886E7,
0.0,0.0,0.0,1430995.45,30787.61,1461783.06,6126.21,8033.0,10.6,6126.21,6126.21,6126.21,0.36,1.0,785.68,196257.0,154194.98,1.0,1.456167464E7,
0.0,0.0,0.0,1430995.45,15393.8,1446389.26,6061.7,8033.0,10.6,6061.7,6061.7,6061.7,0.17,1.0,778.41,196257.0,152768.68,1.0,1.442697886E7,
0.0,0.0,0.0,1430995.45,15393.8,1446389.26,6061.7,8033.0,10.6,6061.7,6061.7,6061.7,0.17,1.0,778.41,196257.0,152768.68,1.0,1.442697886E7,
0.0,0.0,0.0,1430995.45,15393.8,1446389.26,6061.7,8033.0,10.6,6061.7,6061.7,6061.7,0.17,1.0,778.41,196257.0,152768.68,1.0,1.442697886E7,
0.0,0.0,0.0,1430995.45,15393.8,1446389.26,6061.7,8033.0,10.6,6061.7,6061.7,6061.7,0.17,1.0,778.41,196257.0,152768.68,1.0,1.442697886E7,
0.0,0.0,0.0,1415601.65,15393.8,1430995.45,5997.18,8033.0,10.6,5997.18,5997.18,5997.18,0.08,1.0,771.14,196257.0,151342.37,1.0,1.429228307E7,
0.0,0.0,0.0,1384814.04,15393.8,1400207.85,5868.15,8033.0,10.6,5868.15,5868.15,5868.15,0.02,1.0,756.61,196257.0,148489.76,1.0,1.40228915E7,
0.0,0.0,0.0,1384814.04,15393.8,1400207.85,5868.15,8033.0,10.6,5868.15,5868.15,5868.15,0.02,1.0,756.61,196257.0,148489.76,1.0,1.40228915E7,
0.0,0.0,0.0,1384814.04,15393.8,1400207.85,5868.15,8033.0,10.6,5868.15,5868.15,5868.15,0.02,1.0,756.61,196257.0,148489.76,1.0,1.40228915E7,
0.0,0.0,0.0,1384814.04,15393.8,1400207.85,5868.15,8033.0,10.6,5868.15,5868.15,5868.15,0.02,1.0,756.61,196257.0,148489.76,1.0,1.40228915E7,
0.0,0.0,0.0,1384814.04,15393.8,1400207.85,5868.15,8033.0,10.6,5868.15,5868.15,5868.15,0.02,1.0,756.61,196257.0,148489.76,1.0,1.40228915E7,
0.0,0.0,0.0,1369420.24,15393.8,1384814.04,5803.64,8033.0,10.6,5803.64,5803.64,5803.64,0.01,1.0,749.34,196257.0,147063.45,1.0,1.388819572E7,
0.0,0.0,0.0,1369420.24,61575.22,1430995.45,5817.57,8033.0,10.6,5817.57,5817.57,5817.57,86.67,1.0,750.78,196257.0,147345.42,1.0,1.429228307E7,
0.0,0.0,0.0,1369420.24,61575.22,1430995.45,5817.57,8033.0,10.6,5817.57,5817.57,5817.57,86.67,1.0,750.78,196257.0,147345.42,1.0,1.429228307E7,
0.0,0.0,0.0,1369420.24,61575.22,1430995.45,5817.57,8033.0,10.6,5817.57,5817.57,5817.57,86.67,1.0,750.78,196257.0,147345.42,1.0,1.429228307E7,
0.0,0.0,0.0,1369420.24,61575.22,1430995.45,5817.57,8033.0,10.6,5817.57,5817.57,5817.57,86.67,1.0,750.78,196257.0,147345.42,1.0,1.429228307E7,
0.0,0.0,0.0,0.0,1430995.45,1430995.45,5817.57,8033.0,10.6,5817.57,5817.57,5817.57,86.67,1.0,750.78,196257.0,147345.42,1.0,1.429228307E7,
0.0,0.0,0.0,0.0,1430995.45,1430995.45,5817.57,8033.0,10.6,5817.57,5817.57,5817.57,86.67,1.0,750.78,196257.0,147345.42,1.0,1.429228307E7,
0.0,0.0,0.0,0.0,1430995.45,1430995.45,5817.57,8033.0,10.6,5817.57,5817.57,5817.57,86.67,1.0,750.78,196257.0,147345.42,1.0,1.429228307E7,
0.0,0.0,0.0,0.0,1400207.85,1400207.85,5692.4,8033.0,10.6,5692.4,5692.4,5692.4,18.27,1.0,736.63,196257.0,144568.14,1.0,1.40228915E7,
0.0,0.0,0.0,0.0,1400207.85,1400207.85,5692.4,8033.0,10.6,5692.4,5692.4,5692.4,18.27,1.0,736.63,196257.0,144568.14,1.0,1.40228915E7,
0.0,0.0,0.0,0.0,1384814.04,1384814.04,5629.82,8033.0,10.6,5629.82,5629.82,5629.82,8.23,1.0,729.55,196257.0,143179.51,1.0,1.388819572E7,
0.0,0.0,0.0,0.0,1369420.24,1369420.24,5567.24,8033.0,10.6,5567.24,5567.24,5567.24,3.66,1.0,722.48,196257.0,141790.87,1.0,1.375349993E7,
0.0,0.0,0.0,0.0,1338632.63,1338632.63,5442.08,8033.0,10.6,5442.08,5442.08,5442.08,0.69,1.0,708.32,196257.0,139013.59,1.0,1.348410836E7,
0.0,0.0,0.0,0.0,1338632.63,1338632.63,5442.08,8033.0,10.6,5442.08,5442.08,5442.08,0.69,1.0,708.32,196257.0,139013.59,1.0,1.348410836E7,
0.0,0.0,0.0,0.0,1338632.63,1338632.63,5442.08,8033.0,10.6,5442.08,5442.08,5442.08,0.69,1.0,708.32,196257.0,139013.59,1.0,1.348410836E7,
0.0,0.0,0.0,0.0,1338632.63,1338632.63,5442.08,8033.0,10.6,5442.08,5442.08,5442.08,0.69,1.0,708.32,196257.0,139013.59,1.0,1.348410836E7,
0.0,0.0,0.0,0.0,1338632.63,1338632.63,5442.08,8033.0,10.6,5442.08,5442.08,5442.08,0.69,1.0,708.32,196257.0,139013.59,1.0,1.348410836E7,
0.0,0.0,0.0,0.0,1338632.63,1338632.63,5442.08,8033.0,10.6,5442.08,5442.08,5442.08,0.69,1.0,708.32,196257.0,139013.59,1.0,1.348410836E7,
0.0,0.0,0.0,0.0,1338632.63,1338632.63,5442.08,8033.0,10.6,5442.08,5442.08,5442.08,0.69,1.0,708.32,196257.0,139013.59,1.0,1.348410836E7,
0.0,0.0,0.0,0.0,1338632.63,1338632.63,5442.08,8033.0,10.6,5442.08,5442.08,5442.08,0.69,1.0,708.32,196257.0,139013.59,1.0,1.348410836E7,
0.0,0.0,0.0,0.0,1338632.63,1338632.63,5442.08,8033.0,10.6,5442.08,5442.08,5442.08,0.69,1.0,708.32,196257.0,139013.59,1.0,1.348410836E7,
0.0,0.0,0.0,0.0,1323238.83,1323238.83,5379.49,8033.0,10.6,5379.49,5379.49,5379.49,0.29,1.0,701.25,196257.0,137624.95,1.0,1.334941258E7,
0.0,0.0,0.0,0.0,1323238.83,1323238.83,5379.49,8033.0,10.6,5379.49,5379.49,5379.49,0.29,1.0,701.25,196257.0,137624.95,1.0,1.334941258E7,
0.0,0.0,0.0,0.0,1323238.83,1323238.83,5379.49,8033.0,10.6,5379.49,5379.49,5379.49,0.29,1.0,701.25,196257.0,137624.95,1.0,1.334941258E7,
0.0,0.0,0.0,0.0,1307845.02,1307845.02,5316.91,8033.0,10.6,5316.91,5316.91,5316.91,0.12,1.0,694.17,196257.0,136236.32,1.0,1.321471679E7,
0.0,0.0,0.0,0.0,1307845.02,1307845.02,5316.91,8033.0,10.6,5316.91,5316.91,5316.91,0.12,1.0,694.17,196257.0,136236.32,1.0,1.321471679E7,
0.0,0.0,0.0,0.0,1292451.22,1292451.22,5254.33,8033.0,10.6,5254.33,5254.33,5254.33,0.05,1.0,687.1,196257.0,134847.68,1.0,1.308002101E7,
0.0,0.0,0.0,0.0,1292451.22,1292451.22,5254.33,8033.0,10.6,5254.33,5254.33,5254.33,0.05,1.0,687.1,196257.0,134847.68,1.0,1.308002101E7,
0.0,0.0,0.0,0.0,1277057.41,1277057.41,5191.75,8033.0,10.6,5191.75,5191.75,5191.75,0.02,1.0,680.02,196257.0,133459.04,1.0,1.294532522E7,
0.0,0.0,0.0,0.0,1261663.61,1261663.61,5129.17,8033.0,10.6,5129.17,5129.17,5129.17,0.01,1.0,672.95,196257.0,132070.4,1.0,1.281062944E7,
0.0,0.0,0.0,0.0,1261663.61,1261663.61,5129.17,8033.0,10.6,5129.17,5129.17,5129.17,0.01,1.0,672.95,196257.0,132070.4,1.0,1.281062944E7,
0.0,0.0,0.0,0.0,1261663.61,1261663.61,5129.17,8033.0,10.6,5129.17,5129.17,5129.17,0.01,1.0,672.95,196257.0,132070.4,1.0,1.281062944E7,
0.0,0.0,0.0,0.0,1246269.81,1246269.81,5066.58,8033.0,10.6,5066.58,5066.58,5066.58,0.0,1.0,665.87,196257.0,130681.76,1.0,1.267593365E7,
0.0,0.0,0.0,0.0,1230876.0,1230876.0,5004.0,8033.0,10.6,5004.0,5004.0,5004.0,0.0,1.0,658.79,196257.0,129293.13,1.0,1.254123787E7,
0.0,0.0,0.0,0.0,1230876.0,1230876.0,5004.0,8033.0,10.6,5004.0,5004.0,5004.0,0.0,1.0,658.79,196257.0,129293.13,1.0,1.254123787E7,
